{"cameraMode":{"drawMode":0,"name":"Shaded","section":"Shading Mode"},"sceneLighting":false,"audioPlay":false,"sceneViewState":{"m_AlwaysRefresh":false,"showFog":true,"showSkybox":false,"showFlares":true,"showImageEffects":true,"showParticleSystems":true,"showVisualEffectGraphs":true,"m_FxEnabled":true},"in2DMode":false,"pivot":{"x":53.19178771972656,"y":1.1910165548324586,"z":54.45382308959961},"rotation":{"x":0.2825584411621094,"y":0.01582692749798298,"z":-0.0046625700779259209,"w":0.9591092467308044},"size":0.3903403580188751,"orthographic":false}