{"cameraMode":{"drawMode":0,"name":"Shaded","section":"Shading Mode"},"sceneLighting":false,"audioPlay":false,"sceneViewState":{"m_AlwaysRefresh":false,"showFog":true,"showSkybox":false,"showFlares":true,"showImageEffects":true,"showParticleSystems":true,"showVisualEffectGraphs":true,"m_FxEnabled":true},"in2DMode":false,"pivot":{"x":-0.07522828131914139,"y":0.21723854541778565,"z":0.1289365291595459},"rotation":{"x":0.2420712560415268,"y":0.0014555740635842085,"z":-0.00036303047090768814,"w":0.9702584743499756},"size":0.9000174403190613,"orthographic":false}