{"cameraMode":{"drawMode":0,"name":"Shaded","section":"Shading Mode"},"sceneLighting":false,"audioPlay":false,"sceneViewState":{"m_AlwaysRefresh":false,"showFog":true,"showSkybox":false,"showFlares":true,"showImageEffects":true,"showParticleSystems":true,"showVisualEffectGraphs":true,"m_FxEnabled":true},"in2DMode":false,"pivot":{"x":54.922000885009769,"y":0.04999998211860657,"z":54.45000076293945},"rotation":{"x":0.3082810044288635,"y":0.09454484283924103,"z":-0.030807336792349817,"w":0.946084201335907},"size":1.7320507764816285,"orthographic":false}