{"cameraMode":{"drawMode":0,"name":"Shaded","section":"Shading Mode"},"sceneLighting":false,"audioPlay":false,"sceneViewState":{"m_AlwaysRefresh":false,"showFog":true,"showSkybox":true,"showFlares":true,"showImageEffects":true,"showParticleSystems":true,"showVisualEffectGraphs":true,"m_FxEnabled":true},"in2DMode":false,"pivot":{"x":50.802650451660159,"y":0.8178995251655579,"z":51.40336990356445},"rotation":{"x":-0.30607107281684878,"y":-0.08354292809963227,"z":0.02697405405342579,"w":-0.9479526877403259},"size":1.7287840843200684,"orthographic":false}