{"cameraMode":{"drawMode":0,"name":"Shaded","section":"Shading Mode"},"sceneLighting":false,"audioPlay":false,"sceneViewState":{"m_AlwaysRefresh":false,"showFog":true,"showSkybox":false,"showFlares":true,"showImageEffects":true,"showParticleSystems":true,"showVisualEffectGraphs":true,"m_FxEnabled":true},"in2DMode":false,"pivot":{"x":0.0017118677496910096,"y":0.0661119818687439,"z":-0.006264239549636841},"rotation":{"x":0.2825584411621094,"y":0.01582692749798298,"z":-0.0046625700779259209,"w":0.9591092467308044},"size":0.18572582304477693,"orthographic":false}