{"cameraMode":{"drawMode":0,"name":"Shaded","section":"Shading Mode"},"sceneLighting":false,"audioPlay":false,"sceneViewState":{"m_AlwaysRefresh":false,"showFog":true,"showSkybox":false,"showFlares":true,"showImageEffects":true,"showParticleSystems":true,"showVisualEffectGraphs":true,"m_FxEnabled":true},"in2DMode":false,"pivot":{"x":52.47568893432617,"y":1.5991679430007935,"z":52.24006271362305},"rotation":{"x":0.16936953365802766,"y":-0.23921063542366029,"z":0.04241789132356644,"w":0.9551402926445007},"size":0.2785879969596863,"orthographic":false}